{"presets":{"Austin":{"promo_bg_color":"#212121","promo_text_color":"#999999","checkout_banner_background_color":"#ffffff","checkout_accent_color":"#af1f31","checkout_button_color":"#404040","checkout_call_to_action_color":"#af1f31","checkout_background_color":"#ffffff","checkout_background_image":false,"checkout_text_color":"#404040","checkout_headline_color":"#303030","featured_content_page":"","blog_content_page":"","footer_content_page":"","collection_top_sidebar_page":"","collection_sidebar_page":"","shop_home_page_content_text_color":"#404040","featured_links_style":"cross","newsletter_success_text":"Thank you for joining our mailing list!","collection_sort":true,"use_logo":false,"transparent_header":true,"main_linklist":"main-menu","menu_top_padding":"5","content_top_padding":"95","twitter_link":"","facebook_link":"","google_link":"","youtube_link":"","vimeo_link":"","pinterest_link":"","tumblr_link":"","instagram_link":"","linkedin_link":"","flickr_link":"","email_link":"","link_color":"#af1f31","link_hover_color":"#282c30","featured_text":"#ffffff","btn_color":"#af1f31","btn_hover_color":"#8a1a27","btn_text_color":"#FFFFFF","cart_button_background":"#ede9dd","sale_color":"#af1f31","sale_banner_color":"#282c30","new_banner_color":"#282c30","was_price_color":"#9da6ae","border_color":"#ded6c7","headline_border_color":"#ded6c7","tab_background_color":"#f5f5f5","table_styles_enabled":true,"shop_bg_color":"#ffffff","shop_content_bg_color":"#ffffff","modal_background_color":"#FFFFFF","header_bg_color":"#ffffff","mobile_header_bg_color":"#f5f5f5","mobile_menu_color":"dark","shop_home_page_content_bg_color":"#ede9dd","repeat_bg":"repeat","sub_footer_link_color":"#af1f31","sub_footer_link_color_hover":"#282c30","footer_link_color":"#404040","footer_link_color_hover":"#af1f31","sub_footer_border_color":"#ede9dd","sub_footer_color":"#f9f7f3","footer_color":"#ede9dd","logo_typeface_method":"google_webfonts","logo_font":"Google_Lato","logo_websafe_font":"Helvetica, Arial, sans-serif","logo_weight":"normal","logo_font_style":"none","logo_font_size":"26","logo_color":"#303030","logo_color_home":"#ffffff","headline_typeface_method":"google_webfonts","headline_font":"Google_Lato","headline_websafe_font":"'HelveticaNeue-Light', 'Helvetica Neue Light', 'Helvetica Neue', Helvetica, Arial, sans-serif","headline_weight":"bold","headline_font_style":"uppercase","headline_font_size":"26","headline_color":"#303030","headline_footer_text_color":"#404040","headline_letter_spacing":"1","nav_typeface_method":"google_webfonts","nav_font":"Google_PT+Sans+Narrow","nav_websafe_font":"'Lucida Grande', 'Lucida Sans Unicode', 'Lucida Sans', Lucida, Helvetica, Arial, sans-serif","nav_weight":"normal","nav_font_style":"uppercase","nav_font_size":"16","nav_color":"#404040","sidebar_nav_color":"#404040","nav_color_home":"#ffffff","nav_color_hover":"#af1f31","sidebar_nav_color_hover":"#af1f31","nav_active_color":"#af1f31","nav_letter_spacing":"1","regular_typeface_method":"google_webfonts","regular_font":"Google_Merriweather","regular_websafe_font":"'HelveticaNeue-Light', 'Helvetica Neue Light', 'Helvetica Neue', Helvetica, Arial, sans-serif","regular_weight":"normal","regular_font_style":"none","regular_font_size":"14","regular_color":"#404040","newsletter_popup_color":"#404040","button_weight":"normal","button_font_style":"uppercase","button_font_size":"16","footer_font_size":"13","sub_footer_text_color":"#404040","footer_text_color":"#404040","featured_links":true,"feature1_link":"\/","feature1_text":"420x265","feature2_link":"\/","feature2_text":"420x265","feature3_link":"\/","feature3_text":"420x265","frontpage_collection":"frontpage","frontpage_linklist":"","frontpage_collections_per_row":"3","frontpage_products_per_row":"3","home_page_articles":"2","blog_widget":true,"blog_widget_select":"news","twitter_widget":true,"twitter_username":"shopify","tweet_count":"4","slideshow_enabled":true,"slideshow_animation":"fade","slideshow_menu":true,"slideshow_stretch":true,"slideshow_speed":"6","slideshow_headline_size":"38","slideshow_headline_weight":"bold","slideshow_subtitle_size":"16","slideshow_subtitle_weight":"normal","video_embed":"","video_width":"set","video_width_px":"1180","video_position":"1","slideshow_1_enabled":true,"image_1_alt_text":"Retina Shopify Theme","image_1_headline":"Retina Shopify Theme","image_1_subtitle":"","image_1_text_color":"#ffffff","image_1_text_align":"center","image_1_button_text":"","image_1_link":"","image_2_alt_text":"","image_2_headline":"","image_2_subtitle":"","image_2_text_color":"#ffffff","image_2_text_align":"center","image_2_button_text":"","image_2_link":"","image_3_alt_text":"","image_3_headline":"","image_3_subtitle":"","image_3_text_color":"#ffffff","image_3_text_align":"left","image_3_button_text":"","image_3_link":"","image_4_alt_text":"","image_4_headline":"","image_4_subtitle":"","image_4_text_color":"#ffffff","image_4_text_align":"right","image_4_button_text":"","image_4_link":"","image_5_alt_text":"","image_5_headline":"","image_5_subtitle":"","image_5_text_color":"#ffffff","image_5_text_align":"left","image_5_button_text":"","image_5_link":"","image_6_alt_text":"","image_6_headline":"","image_6_subtitle":"","image_6_text_color":"#ffffff","image_6_text_align":"left","image_6_button_text":"","image_6_link":"","display_social_buttons":true,"product_images_position":"left","product_slideshow_animation":"zoom","product_description_position":"top","display_related_products":true,"related_products_title":"Related Items","sold_out_text":"Sold Out","cart_return":"checkout","notify_me_form":true,"option_to_match":"","products_per_row":"3","pagination_limit":"48","collection_height":"200","display_collection_title":true,"sale_banner_enabled":true,"quick_shop_enabled":true,"description_words":"30","quick_shop_text":"Quick View","homepage":"frontpage","shop_use_home_page_content_bg_color":true,"homepage_sidebar":false,"collection_sidebar":false,"product_sidebar":false,"collection_sidebar_linklist":"","collection_sidebar_linklist2":"","filter_by_tag":true,"collection_sidebar_vendor_text":"Vendors","tags_text":"Filter","display_special_instructions":true,"shipping_calculator_heading":"Shipping rates calculator","shipping_calculator_default_country":"United States","shipping_calculator_submit_button_label":"Calculate shipping rates","shipping_calculator_submit_button_label_disabled":"Calculating...","contact_address":"","zoom_level":"12","display_recent_articles":true,"display_social_buttons_blog":true,"disqus_shortname":"","newsletter_enabled":true,"newsletter_text":"News & Updates","newsletter_description":"Sign up to get the latest on sales, new releases and more …","newsletter_system":"shopify","mailchimp_link":"","footer_linklist_1":"footer","footer_linklist_2":"main-menu","display_designed_by":true,"use_paypal":false,"use_visa":false,"use_mastercard":false,"use_amex":false,"use_discover":false},"Montreal":{"promo_bg_color":"#999999","promo_text_color":"#ffffff","checkout_banner_background_color":"#ffffff","checkout_accent_color":"#00bfff","checkout_button_color":"#808080","checkout_call_to_action_color":"#00bfff","checkout_background_color":"#f1f1f1","checkout_background_image":false,"checkout_text_color":"#444444","checkout_headline_color":"#444444","featured_content_page":"","blog_content_page":"","footer_content_page":"","collection_top_sidebar_page":"","collection_sidebar_page":"","shop_home_page_content_text_color":"#444444","featured_links_style":"double_underline","newsletter_success_text":"Thank you for joining our mailing list!","collection_sort":true,"use_logo":false,"transparent_header":true,"main_linklist":"main-menu","menu_top_padding":"5","content_top_padding":"95","search_option":"products","twitter_link":"","facebook_link":"","google_link":"","youtube_link":"","vimeo_link":"","pinterest_link":"","tumblr_link":"","instagram_link":"","linkedin_link":"","flickr_link":"","email_link":"","link_color":"#00bfff","link_hover_color":"#808080","featured_text":"#ffffff","btn_color":"#00bfff","btn_hover_color":"#808080","btn_text_color":"#FFFFFF","cart_button_background":"#f1f1f1","sale_color":"#808080","sale_banner_color":"#00bfff","new_banner_color":"#00bfff","was_price_color":"#808080","border_color":"#e5e5e5","headline_border_color":"#e5e5e5","tab_background_color":"#f1f1f1","table_styles_enabled":true,"shop_bg_color":"#f1f1f1","shop_content_bg_color":"#f1f1f1","modal_background_color":"#FFFFFF","header_bg_color":"#ffffff","mobile_header_bg_color":"#ffffff","mobile_menu_color":"light","shop_use_home_page_content_bg_color":true,"shop_home_page_content_bg_color":"#ffffff","repeat_bg":"repeat","sub_footer_link_color":"#00bfff","sub_footer_link_color_hover":"#808080","footer_link_color":"#444444","footer_link_color_hover":"#00bfff","sub_footer_border_color":"#f1f1f1","sub_footer_color":"#f1f1f1","footer_color":"#ffffff","logo_typeface_method":"google_webfonts","logo_font":"Google_Montserrat","logo_websafe_font":"Helvetica, Arial, sans-serif","logo_weight":"bold","logo_font_style":"none","logo_font_size":"26","logo_color":"#808080","logo_color_home":"#ffffff","headline_typeface_method":"google_webfonts","headline_font":"Google_Montserrat","headline_websafe_font":"'HelveticaNeue-Light', 'Helvetica Neue Light', 'Helvetica Neue', Helvetica, Arial, sans-serif","headline_weight":"normal","headline_font_style":"uppercase","headline_font_size":"24","headline_color":"#444444","headline_footer_text_color":"#444444","headline_letter_spacing":"2","nav_typeface_method":"google_webfonts","nav_font":"Google_Montserrat","nav_websafe_font":"'Lucida Grande', 'Lucida Sans Unicode', 'Lucida Sans', Lucida, Helvetica, Arial, sans-serif","nav_weight":"bold","nav_font_style":"uppercase","nav_font_size":"13","nav_color":"#808080","sidebar_nav_color":"#808080","nav_color_home":"#ffffff","nav_color_hover":"#00bfff","sidebar_nav_color_hover":"#00bfff","nav_active_color":"#00bfff","nav_letter_spacing":"0","regular_typeface_method":"google_webfonts","regular_font":"Google_Lato","regular_websafe_font":"'HelveticaNeue-Light', 'Helvetica Neue Light', 'Helvetica Neue', Helvetica, Arial, sans-serif","regular_weight":"normal","regular_font_style":"none","regular_font_size":"14","regular_color":"#444444","newsletter_popup_color":"#444444","button_weight":"bold","button_font_style":"uppercase","button_font_size":"16","footer_font_size":"13","sub_footer_text_color":"#444444","footer_text_color":"#444444","featured_links":true,"feature1_link":"\/","feature1_text":"420x265","feature2_link":"\/","feature2_text":"420x265","feature3_link":"\/","feature3_text":"420x265","frontpage_linklist":"","newsletter_popup_page":"frontpage","frontpage_collection":"frontpage","frontpage_collections_per_row":"3","frontpage_products_per_row":"2","blog_widget":true,"blog_widget_select":"news","home_page_articles":"2","twitter_widget":true,"twitter_username":"shopify","tweet_count":"4","slideshow_enabled":true,"slideshow_animation":"fade","slideshow_menu":"on","slideshow_stretch":"on","slideshow_speed":"6","slideshow_headline_size":"30","slideshow_headline_weight":"bold","slideshow_subtitle_size":"14","slideshow_subtitle_weight":"normal","video_embed":"","video_width":"set","video_width_px":"1180","video_position":"1","slideshow_1_enabled":true,"image_1_alt_text":"Retina Shopify Theme","image_1_headline":"Retina Shopify Theme","image_1_subtitle":"","image_1_text_color":"#ffffff","image_1_text_align":"center","image_1_button_text":"","image_1_link":"","slideshow_2_enabled":false,"image_2_alt_text":"","image_2_headline":"","image_2_subtitle":"","image_2_text_color":"#ffffff","image_2_text_align":"right","image_2_button_text":"","image_2_link":"","image_3_alt_text":"","image_3_headline":"","image_3_subtitle":"","image_3_text_color":"#ffffff","image_3_text_align":"left","image_3_button_text":"","image_3_link":"","image_4_alt_text":"","image_4_headline":"","image_4_subtitle":"","image_4_text_color":"#ffffff","image_4_text_align":"right","image_4_button_text":"","image_4_link":"","image_5_alt_text":"","image_5_headline":"","image_5_subtitle":"","image_5_text_color":"#ffffff","image_5_text_align":"left","image_5_button_text":"","image_5_link":"","image_6_alt_text":"","image_6_headline":"","image_6_subtitle":"","image_6_text_color":"#ffffff","image_6_text_align":"left","image_6_button_text":"","image_6_link":"","display_social_buttons":true,"product_images_position":"left","product_slideshow_animation":"zoom","product_description_position":"top","display_related_products":true,"related_products_title":"Related Items","sold_out_text":"Sold Out","cart_return":"checkout","notify_me_form":true,"option_to_match":"","products_per_row":"3","pagination_limit":"48","collection_height":"200","display_collection_title":true,"sale_banner_enabled":true,"quick_shop_enabled":true,"description_words":"30","quick_shop_text":"Quick View","homepage_sidebar":false,"homepage":"frontpage","collection_sidebar":false,"product_sidebar":false,"collection_sidebar_linklist":"","collection_sidebar_linklist2":"","filter_by_tag":true,"collection_sidebar_vendor_text":"Vendors","tags_text":"Filter","display_special_instructions":true,"shipping_calculator_heading":"Shipping rates calculator","shipping_calculator_default_country":"United States","shipping_calculator_submit_button_label":"Calculate shipping rates","shipping_calculator_submit_button_label_disabled":"Calculating...","contact_address":"","zoom_level":"12","display_recent_articles":true,"display_social_buttons_blog":true,"disqus_shortname":"","newsletter_enabled":true,"newsletter_text":"News & Updates","newsletter_description":"Sign up to get the latest on sales, new releases and more …","newsletter_system":"shopify","mailchimp_link":"","footer_linklist_1":"footer","footer_linklist_2":"main-menu","display_designed_by":true,"dropdown_column_links":"10"},"Melbourne":{"promo_bg_color":"#222222","promo_text_color":"#888888","checkout_banner_background_color":"#ffffff","checkout_accent_color":"#47139f","checkout_button_color":"#dc5454","checkout_call_to_action_color":"#f0c417","checkout_background_color":"#ffffff","checkout_background_image":false,"checkout_text_color":"#555555","checkout_headline_color":"#303030","featured_content_page":"","blog_content_page":"","footer_content_page":"","collection_top_sidebar_page":"","collection_sidebar_page":"","dropdown_column_links":"10","menu_top_padding":"5","content_top_padding":"95","link_color":"#47139f","link_hover_color":"#dc5454","sidebar_nav_color":"#404040","sidebar_nav_color_hover":"#47139f","featured_text":"#ffffff","btn_color":"#f0c417","btn_hover_color":"#ffe804","btn_text_color":"#ffffff","cart_button_background":"#fafaf6","sale_color":"#dc5454","sale_banner_color":"#282c30","new_banner_color":"#282c30","was_price_color":"#9da6ae","border_color":"#f4f5f5","tab_background_color":"#f5f5f5","shop_bg_color":"#ffffff","shop_content_bg_color":"#ffffff","modal_background_color":"#ffffff","header_bg_color":"#ffffff","mobile_header_bg_color":"#f5f5f5","shop_home_page_content_bg_color":"#fafaf6","shop_home_page_content_text_color":"#303030","sub_footer_link_color":"#b1aca1","sub_footer_link_color_hover":"#ffffff","sub_footer_border_color":"#222222","sub_footer_color":"#222222","footer_link_color":"#b1aca1","footer_link_color_hover":"#ffffff","footer_color":"#222222","logo_font_size":"24","logo_color":"#303030","logo_color_home":"#ffffff","headline_font_size":"22","headline_letter_spacing":"1","headline_color":"#303030","headline_footer_text_color":"#b1aca1","headline_border_color":"#b1aca1","nav_font_size":"13","nav_color":"#555555","nav_color_home":"#ffffff","nav_color_hover":"#f0c417","nav_active_color":"#f0c417","nav_letter_spacing":"1","regular_font_size":"14","regular_color":"#555555","newsletter_popup_color":"#555555","button_font_size":"14","footer_font_size":"14","sub_footer_text_color":"#888888","footer_text_color":"#888888","featured_links":true,"feature1_link":"\/","feature1_text":"420x265","feature2_link":"\/","feature2_text":"420x265","feature3_link":"\/","feature3_text":"420x265","frontpage_collection":"frontpage","frontpage_linklist":"","home_page_articles":"2","twitter_username":"shopify","tweet_count":"4","instagram_client_id":"","instagram_title":"Instagram","instagram_tag_name":"","instagram_count":"10","slideshow_headline_size":"34","slideshow_subtitle_size":"16","video_width_px":"1180","image_1_alt_text":"Retina Shopify Theme","image_1_headline":"Retina Shopify Theme","image_1_subtitle":"","image_1_text_color":"#ffffff","image_1_button_text":"","image_1_link":"\/","image_2_alt_text":"","image_2_headline":"","image_2_subtitle":"","image_2_text_color":"#ffffff","image_2_button_text":"","image_2_link":"","image_3_alt_text":"","image_3_headline":"","image_3_subtitle":"","image_3_text_color":"#ffffff","image_3_button_text":"","image_3_link":"","image_4_alt_text":"","image_4_headline":"","image_4_subtitle":"","image_4_text_color":"#ffffff","image_4_button_text":"","image_4_link":"","image_5_alt_text":"","image_5_headline":"","image_5_subtitle":"","image_5_text_color":"#ffffff","image_5_button_text":"","image_5_link":"","image_6_alt_text":"","image_6_headline":"","image_6_subtitle":"","image_6_text_color":"#ffffff","image_6_button_text":"","image_6_link":"\/","add_to_cart_text":"Add to Cart","sold_out_text":"Sold Out","related_products_title":"You May Also Like","inventory_left_text":"items left","collection_height":"200","description_words":"30","quick_shop_text":"Quick View","collection_sidebar_vendor_text":"Vendors","tags_text":"Filter","shipping_calculator_heading":"Shipping rates calculator","shipping_calculator_default_country":"United States","shipping_calculator_submit_button_label":"Calculate shipping rates","shipping_calculator_submit_button_label_disabled":"Calculating...","contact_address":"","zoom_level":"8","total_text":"TOTAL","disqus_shortname":"","newsletter_text":"News & Updates","mailchimp_link":"","supported_currencies":"USD CAD AUD GBP EUR JPY","default_currency":"USD","newsletter_popup_seconds":"2","newsletter_popup_days":"30","newsletter_popup_max_width":"600","video_embed":"","newsletter_description":"Sign up to get the latest on sales, new releases and more …","newsletter_success_text":"Thank you for joining our mailing list!","search_option":"products","mobile_menu_color":"white","repeat_bg":"repeat","logo_google_webfont_font":"Roboto","logo_weight":"normal","logo_font_style":"none","headline_font":"Google_Roboto","headline_websafe_font":"'HelveticaNeue-Light', 'Helvetica Neue Light', 'Helvetica Neue', Helvetica, Arial, sans-serif","headline_weight":"lighter","headline_font_style":"uppercase","headline_border":"underline","nav_font":"Google_Roboto","nav_websafe_font":"Helvetica, Arial, sans-serif","nav_weight":"normal","nav_font_style":"uppercase","regular_font":"Google_Roboto","regular_websafe_font":"Helvetica, Arial, sans-serif","regular_weight":"lighter","regular_font_style":"none","button_weight":"normal","button_font_style":"uppercase","featured_links_style":"circle","featured_links_weight":"bold","frontpage_collections_per_row":"3","frontpage_products_per_row":"4","slideshow_animation":"fade","slideshow_headline_weight":"bold","slideshow_subtitle_weight":"normal","video_position":"1","image_1_text_align":"ceter","image_2_text_align":"center","image_3_text_align":"left","image_4_text_align":"right","image_5_text_align":"left","image_6_text_align":"left","product_slideshow_animation":"slide","products_per_row":"3","mobile_products_per_row":"2","pagination_limit":"48","currency_format":"money_format","use_logo":false,"use_logo_home":false,"search_enabled":true,"social_icons_enabled":true,"table_styles_enabled":true,"transparent_header":true,"shop_use_content_bg_color":false,"shop_use_home_page_content_bg_color":true,"use_custom_bg_image":false,"bg_fixed":false,"bg_stretched":false,"nav_shadow":true,"blog_widget":true,"twitter_widget":true,"instagram_widget":false,"slideshow_enabled":true,"slideshow_menu":true,"slideshow_stretch":true,"slideshow_width_narrow":false,"slideshow_arrows":false,"slideshow_shadow":true,"slideshow_1_enabled":true,"slideshow_2_enabled":false,"slideshow_3_enabled":false,"slideshow_4_enabled":false,"slideshow_5_enabled":false,"slideshow_6_enabled":false,"display_tags":false,"display_type":false,"display_vendor":false,"display_collections":true,"display_social_buttons":true,"display_related_products":true,"notify_me_form":true,"display_product_quantity":true,"display_inventory_left":false,"align_height":false,"collection_tags":false,"collection_sort":true,"display_collection_title":true,"sale_banner_enabled":true,"quick_shop_enabled":true,"quick_shop_full_description":false,"homepage_sidebar":false,"collection_sidebar":false,"product_sidebar":false,"filter_by_category":false,"filter_by_tag":true,"collection_sidebar_products":false,"collection_sidebar_vendors":false,"side_cart_enabled":true,"tax_included":false,"display_special_instructions":true,"display_additional_checkout":false,"show_shipping_calculator":false,"constrain_logo":false,"display_recent_articles":true,"display_social_buttons_blog":true,"blog_tags":true,"blog_author":true,"disqus_enabled":false,"newsletter_enabled":true,"social_icons_footer":true,"display_designed_by":true,"use_paypal":false,"use_bitcoin":false,"use_visa":false,"use_visaelectron":false,"use_mastercard":false,"use_amex":false,"use_cirrus":false,"use_delta":false,"use_discover":false,"use_western_union":false,"show_multiple_currencies":false,"newsletter_popup":false,"newsletter_popup_form":true,"logo_typeface_method":"websafe","headline_typeface_method":"google_webfonts","nav_typeface_method":"google_webfonts","regular_typeface_method":"google_webfonts","video_width":"set","product_images_position":"left","product_description_position":"top","cart_return":"checkout","side_cart_button_position":"bottom","newsletter_system":"shopify","option_to_match":"","main_linklist":"main-menu","logo_font":"Google_Roboto","blog_widget_select":"news","slideshow_speed":"6","homepage":"frontpage","collection_sidebar_linklist":"","collection_sidebar_linklist2":"","footer_linklist_1":"footer","footer_linklist_2":"main-menu"},"Amsterdam":{"promo_bg_color":"#16161d","promo_text_color":"#ffffff","checkout_banner_background_color":"#ffffff","checkout_accent_color":"#55c0d4","checkout_button_color":"#fc4c02","checkout_call_to_action_color":"#fc4c02","checkout_background_color":"#ffffff","checkout_background_image":false,"checkout_text_color":"#363636","checkout_headline_color":"#16161d","featured_content_page":"","blog_content_page":"","footer_content_page":"","collection_top_sidebar_page":"","collection_sidebar_page":"","dropdown_column_links":"10","menu_top_padding":"4","content_top_padding":"95","twitter_link":"","facebook_link":"","google_link":"","youtube_link":"","vimeo_link":"","pinterest_link":"","tumblr_link":"","instagram_link":"","linkedin_link":"","flickr_link":"","email_link":"","link_color":"#55c0d4","link_hover_color":"#fc4c02","sidebar_nav_color":"#16161d","sidebar_nav_color_hover":"#fc4c02","featured_text":"#ffffff","btn_color":"#fc4c02","btn_hover_color":"#16161d","btn_text_color":"#ffffff","cart_button_background":"#ffffff","sale_color":"#55c0d4","sale_banner_color":"#55c0d4","new_banner_color":"#55c0d4","was_price_color":"#16161d","border_color":"#bbbbbb","tab_background_color":"#ffffff","shop_bg_color":"#ffffff","shop_content_bg_color":"#ffffff","modal_background_color":"#ffffff","header_bg_color":"#ffffff","mobile_header_bg_color":"#eeeeee","shop_home_page_content_bg_color":"#231f20","shop_home_page_content_text_color":"#ffffff","sub_footer_link_color":"#55c0d4","sub_footer_link_color_hover":"#16161d","sub_footer_border_color":"#f1f1f1","sub_footer_color":"#ffffff","footer_link_color":"#55c0d4","footer_link_color_hover":"#fc4c02","footer_color":"#16161d","logo_font_size":"26","logo_color":"#16161d","logo_color_home":"#16161d","headline_font_size":"24","headline_letter_spacing":"2","headline_color":"#16161d","headline_footer_text_color":"#16161d","headline_border_color":"#bbbbbb","nav_font_size":"13","nav_color":"#16161d","nav_color_home":"#16161d","nav_color_hover":"#fc4c02","nav_active_color":"#fc4c02","nav_letter_spacing":"0.5","regular_font_size":"15","regular_color":"#363636","newsletter_popup_color":"#363636","button_font_size":"16","footer_font_size":"14","sub_footer_text_color":"#363636","footer_text_color":"#ffffff","featured_links":true,"feature1_link":"\/","feature1_text":"420x265","feature2_link":"\/","feature2_text":"420x265","feature3_link":"\/","feature3_text":"420x265","home_page_articles":"2","twitter_username":"shopify","tweet_count":"4","instagram_client_id":"","instagram_title":"Instagram","instagram_tag_name":"","instagram_count":"5","slideshow_headline_size":"50","slideshow_subtitle_size":"18","video_width_px":"1180","image_1_alt_text":"Retina Shopify Theme","image_1_headline":"Retina Shopify Theme","image_1_subtitle":"","image_1_text_color":"#ffffff","image_1_button_text":"","image_1_link":"\/","image_2_alt_text":"","image_2_headline":"","image_2_subtitle":"","image_2_text_color":"#ffffff","image_2_button_text":"","image_2_link":"","image_3_alt_text":"","image_3_headline":"","image_3_subtitle":"","image_3_text_color":"#ffffff","image_3_button_text":"","image_3_link":"","image_4_alt_text":"","image_4_headline":"","image_4_subtitle":"","image_4_text_color":"#ffffff","image_4_button_text":"","image_4_link":"","image_5_alt_text":"","image_5_headline":"","image_5_subtitle":"","image_5_text_color":"#ffffff","image_5_button_text":"","image_5_link":"","image_6_alt_text":"","image_6_headline":"","image_6_subtitle":"","image_6_text_color":"#ffffff","image_6_button_text":"","image_6_link":"","add_to_cart_text":"Add to Cart","sold_out_text":"Sold Out","related_products_title":"Related Items","inventory_left_text":"items left","collection_height":"200","description_words":"30","quick_shop_text":"Quick View","collection_sidebar_vendor_text":"Vendors","tags_text":"Filter","shipping_calculator_heading":"Shipping rates calculator","shipping_calculator_default_country":"United States","shipping_calculator_submit_button_label":"Calculate shipping rates","shipping_calculator_submit_button_label_disabled":"Calculating...","contact_address":"","zoom_level":"12","total_text":"TOTAL","disqus_shortname":"","newsletter_text":"News & Updates","mailchimp_link":"","supported_currencies":"USD CAD AUD GBP EUR JPY","default_currency":"USD","newsletter_popup_seconds":"2","newsletter_popup_days":"30","newsletter_popup_max_width":"600","video_embed":"","newsletter_description":"Sign up to get the latest on sales, new releases and more …","newsletter_success_text":"Thank you for joining our mailing list!","search_option":"products","mobile_menu_color":"black","repeat_bg":"repeat","logo_font":"Google_Raleway","logo_weight":"normal","logo_font_style":"none","headline_font":"Google_Raleway","headline_websafe_font":"'HelveticaNeue-Light', 'Helvetica Neue Light', 'Helvetica Neue', Helvetica, Arial, sans-serif","headline_weight":"normal","headline_font_style":"uppercase","headline_border":"underline","nav_font":"Google_Raleway","nav_websafe_font":"'Lucida Grande', 'Lucida Sans Unicode', 'Lucida Sans', Lucida, Helvetica, Arial, sans-serif","nav_weight":"normal","nav_font_style":"uppercase","regular_google_webfont_font":"Lato","regular_font":"'HelveticaNeue-Light', 'Helvetica Neue Light', 'HelveticaNeue', 'Helvetica Neue', Helvetica, Arial, sans-serif","regular_weight":"normal","regular_font_style":"none","button_weight":"bold","button_font_style":"uppercase","featured_links_style":"underline","featured_links_weight":"bold","frontpage_collections_per_row":"3","frontpage_products_per_row":"3","slideshow_animation":"fade","slideshow_headline_weight":"bold","slideshow_subtitle_weight":"normal","video_position":"1","image_1_text_align":"center","image_2_text_align":"right","image_3_text_align":"left","image_4_text_align":"center","image_5_text_align":"left","image_6_text_align":"left","product_slideshow_animation":"zoom","products_per_row":"2","mobile_products_per_row":"2","pagination_limit":"48","currency_format":"money_format","use_logo":false,"use_logo_home":false,"search_enabled":true,"social_icons_enabled":true,"table_styles_enabled":true,"transparent_header":true,"shop_use_content_bg_color":false,"shop_use_home_page_content_bg_color":true,"use_custom_bg_image":false,"bg_fixed":false,"bg_stretched":false,"nav_shadow":false,"blog_widget":true,"twitter_widget":true,"instagram_widget":false,"slideshow_enabled":true,"slideshow_menu":true,"slideshow_stretch":true,"slideshow_width_narrow":false,"slideshow_arrows":true,"slideshow_shadow":false,"slideshow_1_enabled":true,"slideshow_2_enabled":false,"slideshow_3_enabled":false,"slideshow_4_enabled":false,"slideshow_5_enabled":false,"slideshow_6_enabled":false,"display_tags":false,"display_type":false,"display_vendor":false,"display_collections":true,"display_social_buttons":true,"display_related_products":true,"notify_me_form":true,"display_product_quantity":false,"display_inventory_left":false,"align_height":false,"collection_tags":false,"collection_sort":true,"display_collection_title":true,"sale_banner_enabled":true,"quick_shop_enabled":true,"quick_shop_full_description":false,"homepage_sidebar":false,"collection_sidebar":false,"product_sidebar":false,"filter_by_category":false,"filter_by_tag":false,"collection_sidebar_products":false,"collection_sidebar_vendors":false,"side_cart_enabled":true,"tax_included":false,"display_special_instructions":true,"display_additional_checkout":false,"show_shipping_calculator":false,"constrain_logo":false,"display_recent_articles":true,"display_social_buttons_blog":true,"blog_tags":true,"blog_author":true,"disqus_enabled":false,"newsletter_enabled":true,"social_icons_footer":true,"display_designed_by":true,"use_paypal":false,"use_bitcoin":false,"use_visa":false,"use_visaelectron":false,"use_mastercard":false,"use_amex":false,"use_cirrus":false,"use_delta":false,"use_discover":false,"use_western_union":false,"show_multiple_currencies":false,"newsletter_popup":false,"newsletter_popup_form":true,"logo_typeface_method":"google_webfonts","headline_typeface_method":"google_webfonts","nav_typeface_method":"google_webfonts","regular_typeface_method":"websafe","video_width":"set","product_images_position":"left","product_description_position":"top","cart_return":"checkout","side_cart_button_position":"bottom","newsletter_system":"shopify","main_linklist":"main-menu","logo_websafe_font":"Helvetica, Arial, sans-serif","frontpage_collection":"frontpage","frontpage_linklist":"","blog_widget_select":"news","slideshow_speed":"6","option_to_match":"","homepage":"frontpage","collection_sidebar_linklist":"","collection_sidebar_linklist2":"","footer_linklist_1":"footer","footer_linklist_2":"main-menu"}},"current":{"logo_color":"#cd2e2e","logo_color_home":"#ffffff","regular_color":"#444444","featured_text":"#ffffff","shop_home_page_content_text_color":"#444444","promo_text_color":"#ffffff","banner_color":"#ffffff","headline_color":"#444444","headline_footer_text_color":"#444444","sale_color":"#808080","was_price_color":"#808080","sub_footer_text_color":"#444444","footer_text_color":"#444444","password_page_text_color":"#ffffff","newsletter_popup_color":"#444444","nav_color":"#808080","nav_color_home":"#ffffff","nav_color_hover":"#cd2e2e","nav_active_color":"#cd2e2e","link_color":"#cd2e2e","link_hover_color":"#808080","sidebar_nav_color":"#808080","sidebar_nav_color_hover":"#cd2e2e","sub_footer_link_color":"#cd2e2e","sub_footer_link_color_hover":"#808080","footer_link_color":"#444444","footer_link_color_hover":"#cd2e2e","btn_color":"#cd2e2e","btn_hover_color":"#808080","btn_text_color":"#FFFFFF","cart_button_background":"#f1f1f1","table_styles_enabled":true,"border_color":"#e5e5e5","headline_border_color":"#e5e5e5","sub_footer_border_color":"#f1f1f1","sale_banner_color":"#cd2e2e","new_banner_color":"#cd2e2e","shop_bg_color":"#fcfcfc","modal_background_color":"#FFFFFF","header_bg_color":"#ffffff","transparent_header":true,"promo_bg_color":"#999999","sub_footer_color":"#f1f1f1","footer_color":"#ffffff","shop_use_home_page_content_bg_color":true,"shop_home_page_content_bg_color":"#ffffff","use_custom_bg_image":false,"repeat_bg":"repeat","bg_fixed":false,"bg_stretched":false,"password_page_background_color":"#000000","use_password_bg_image":true,"pagework_page_bg_stretched":true,"newsletter_popup_background_color":"#ffffff","use_newsletter_bg_image":false,"newsletter_bg_stretched":false,"mobile_header_bg_color":"#ffffff","mobile_menu_color":"light","logo_font":"Google_Merriweather","logo_weight":"bold","logo_font_style":"uppercase","logo_font_size":"28","headline_font":"Google_Montserrat","headline_weight":"normal","headline_font_style":"uppercase","headline_font_size":"24","headline_letter_spacing":"2","headline_border":"double","nav_font":"Google_Montserrat","nav_weight":"bold","nav_font_style":"uppercase","nav_font_size":"13","nav_letter_spacing":"0","nav_shadow":true,"regular_font":"Google_Lato","regular_weight":"normal","regular_font_style":"none","regular_font_size":"14","footer_font_size":"13","button_weight":"bold","button_font_style":"uppercase","button_font_size":"16","slideshow_headline_size":"30","slideshow_headline_weight":"bold","slideshow_subtitle_size":"14","slideshow_subtitle_weight":"normal","slideshow_shadow":true,"use_logo":false,"use_logo_home":false,"logo_width":"280","main_linklist":"main-menu","dropdown_column_links":"10","logo_top_padding":"12","menu_top_padding":"5","content_top_padding":"85","promo_text":"","fixed_header":true,"search_enabled":true,"search_option":"products","featured_content_page":"","homepage_sidebar":false,"collection_sidebar":false,"product_sidebar":false,"collection_top_sidebar_page":"","collection_sidebar_linklist":"","collection_sidebar_linklist2":"","filter_by_category":false,"filter_by_tag":true,"collection_sidebar_products":false,"collection_sidebar_vendors":false,"collection_sidebar_page":"","mailchimp_link":"","footer_linklist_1":"footer","footer_linklist_2":"","footer_content_page":"about-us","copyright_text":"","display_designed_by":false,"display_payment_methods":true,"position_2":"4","position_3":"0","position_4":"0","position_5":"0","position_6":"0","position_7":"0","position_8":"0","position_9":"0","position_10":"0","slideshow_enabled":true,"slideshow_animation":"fade","slideshow_menu":true,"slideshow_stretch":true,"slideshow_arrows":false,"slideshow_speed":"6","video_embed":"","video_width":"set","video_width_px":"1180","video_position":"1","slideshow_1_enabled":true,"image_1_alt_text":"","image_1_headline":"","image_1_subtitle":"For Gearheads","image_1_text_align":"center","image_1_button_text":"","image_1_link":"","slideshow_2_enabled":true,"image_2_alt_text":"Some Say Racing","image_2_headline":"","image_2_subtitle":"For Gearheads","image_2_text_align":"right","image_2_button_text":"","image_2_link":"","slideshow_3_enabled":true,"image_3_alt_text":"","image_3_headline":"","image_3_subtitle":"For Gearheads","image_3_text_align":"left","image_3_button_text":"","image_3_link":"","slideshow_4_enabled":true,"image_4_alt_text":"","image_4_headline":"","image_4_subtitle":"For Gearheads","image_4_text_align":"right","image_4_button_text":"","image_4_link":"","slideshow_5_enabled":true,"image_5_alt_text":"","image_5_headline":"","image_5_subtitle":"For Gearheads","image_5_text_align":"left","image_5_button_text":"","image_5_link":"","slideshow_6_enabled":false,"image_6_alt_text":"","image_6_headline":"","image_6_subtitle":"","image_6_text_align":"left","image_6_button_text":"","image_6_link":"","featured_links_style":"double_underline","feature1_link":"\/","feature1_text":"420x265","feature2_link":"\/","feature2_text":"420x265","feature3_link":"\/","feature3_text":"420x265","frontpage_linklist":"","frontpage_collections_per_row":"3","frontpage_collection":"featured-products","frontpage_collection2":"","frontpage_products_per_row":"3","frontpage_collection_full":"","frontpage_display_description":false,"frontpage_product_stagger":false,"homepage":"frontpage","homepage2":"","homepage3":"","blog_widget":true,"blog_widget_select":"news","home_page_articles":"2","twitter_widget":true,"twitter_username":"shopify","twitter_theme":"light","tweet_count":"4","instagram_client_id":"","instagram_title":"Instagram","instagram_count":"10","product_breadcrumb":true,"display_tags":false,"display_type":false,"display_vendor":false,"display_sku":false,"display_collections":false,"display_related_products":true,"notify_me_form":false,"display_product_quantity":true,"display_inventory_left":false,"product_images_position":"left","product_slideshow_animation":"none","product_form_style":"swatches","product_description_position":"bottom","free_price_text":"Free","size_chart":"","products_per_row":"3","mobile_products_per_row":"2","pagination_limit":"48","align_height":true,"collection_height":"320","collection_breadcrumb":true,"collection_tags":false,"collection_sort":true,"display_collection_title":true,"display_vendor_collection":false,"sale_banner_enabled":true,"collection_swatches":false,"quick_shop_enabled":false,"quick_shop_full_description":false,"description_words":"30","cart_action":"ajax","display_special_instructions":true,"display_tos_checkbox":false,"show_shipping_calculator":false,"shipping_calculator_default_country":"United States","contact_address":"","zoom_level":"12","blog_articles_per_row":"2","blog_breadcrumb":false,"blog_tags":false,"blog_author":false,"blog_date":true,"blog_comment_count":true,"read_more_link":true,"blog_additional_articles":true,"slideshow_article_enabled":false,"slideshow_article_darken":false,"sidebar_enabled":true,"blog_search":true,"blog_newsletter":true,"display_recent_articles":true,"blog_sidebar_tags":true,"blog_content_page":"","disqus_enabled":false,"disqus_shortname":"","show_multiple_currencies":true,"currency_format":"money_with_currency_format","supported_currencies":"USD CAD INR GBP AUD EUR JPY","default_currency":"USD","newsletter_popup":false,"newsletter_popup_form":true,"newsletter_popup_page":"frontpage","newsletter_popup_seconds":"2","newsletter_popup_days":"30","newsletter_popup_max_width":"600","display_social_buttons":true,"social_icons_enabled":true,"social_icons_footer":true,"twitter_link":"","facebook_link":"","google_link":"","youtube_link":"","vimeo_link":"","pinterest_link":"","tumblr_link":"","instagram_link":"","linkedin_link":"","flickr_link":"","email_link":"","enable_costa_rica_address_fields":true,"enable_checkout_attrs":false,"attr_1_enable":true,"attr_1_title":"Customer notes","attr_1_section_explanation":"","attr_1_label":"Notes","attr_1_attribute":"Customer notes","attr_1_required":false,"attr_1_error_msg":"Error","checkout_use_header_image":false,"checkout_logo":"","checkout_logo_position":"left","checkout_logo_size":"medium","checkout_use_body_background_image":false,"checkout_body_background_color":"#fff","checkout_input_background_color_mode":"white","checkout_use_sidebar_background_image":false,"checkout_sidebar_background_color":"#fafafa","checkout_heading_font":"Helvetica Neue","checkout_body_font":"Helvetica Neue","checkout_accent_color":"#00bfff","checkout_button_color":"#808080","checkout_error_color":"#ff6d6d","checkout_banner_background_color":"#ffffff","checkout_call_to_action_color":"#00bfff","checkout_background_color":"#f1f1f1","checkout_background_image":false,"checkout_text_color":"#444444","checkout_headline_color":"#444444","newsletter_success_text":"Thank you for joining our mailing list!","tab_background_color":"#f1f1f1","shop_content_bg_color":"#f1f1f1","logo_typeface_method":"google_webfonts","logo_websafe_font":"Helvetica, Arial, sans-serif","headline_typeface_method":"google_webfonts","headline_websafe_font":"'HelveticaNeue-Light', 'Helvetica Neue Light', 'Helvetica Neue', Helvetica, Arial, sans-serif","nav_typeface_method":"google_webfonts","nav_websafe_font":"'Lucida Grande', 'Lucida Sans Unicode', 'Lucida Sans', Lucida, Helvetica, Arial, sans-serif","regular_typeface_method":"google_webfonts","regular_websafe_font":"'HelveticaNeue-Light', 'Helvetica Neue Light', 'Helvetica Neue', Helvetica, Arial, sans-serif","featured_links":true,"image_1_text_color":"#ffffff","image_2_text_color":"#ffffff","image_3_text_color":"#ffffff","image_4_text_color":"#ffffff","image_5_text_color":"#ffffff","image_6_text_color":"#ffffff","related_products_title":"Related Items","sold_out_text":"Sold Out","cart_return":"checkout","option_to_match":"","quick_shop_text":"Quick View","collection_sidebar_vendor_text":"Vendors","tags_text":"Filter","shipping_calculator_heading":"Shipping rates calculator","shipping_calculator_submit_button_label":"Calculate shipping rates","shipping_calculator_submit_button_label_disabled":"Calculating...","display_social_buttons_blog":true,"newsletter_enabled":true,"newsletter_text":"News & Updates","newsletter_description":"Sign up to get the latest on sales, new releases and more …","newsletter_system":"shopify"}}